Industry,City,1987,1988,1989,1990,1991,1992,1993,1994,1995,1996,1997,1998,1999,2000,2001,2002,2003,2004,2005,2006,2007,2008,2009,2010,2011,2012,2013,2014
Business Services,Calgary,37.06618868,38.23842168,39.77606868,40.87344765,45.38337848,45.02067745,45.57547245,45.25254183,49.3635624,56.7840511,62.31098818,66.4364605,78.60892868,79.00636858,87.4851495,85.27856533,82.85441525,92.10863475,95.74893553,102.5113275,106.8507095,113.6827115,109.207597,101.9673237,112.3090683,114.328405,127.1336003,127.371714
Construction,Calgary,20.48238648,22.84898805,25.36699405,24.89390305,24.0056033,24.05941528,24.44530838,27.56373613,30.01994608,30.1811488,35.12040635,35.33810225,35.3640618,45.09213198,41.4631791,45.0757796,47.9227615,52.16905788,50.6005601,58.40817745,62.95363873,72.12071168,67.84423205,66.49927215,72.33056098,71.55290348,79.61243055,83.80521165
"Finance, Insurance and Real Estate",Calgary,24.31809155,26.97187748,27.58973248,29.29851675,31.14450253,27.64284823,29.14295623,26.88517003,29.12452655,28.34208638,31.61595215,26.28716793,32.36045713,31.95268235,32.14424698,32.56200148,36.23407278,37.2266245,40.52905368,41.72803633,43.25598595,48.051781,46.3778094,46.5734393,37.57864503,39.93020223,42.06641478,44.9470495
Goods Producing Industries,Calgary,90.62787185,95.8739386,95.34107903,95.0755899,93.69017995,87.69633888,92.3891392,93.17660505,103.3619438,108.1998325,113.1637083,118.741397,109.6160175,133.7722513,134.6069175,139.0353913,139.1280825,143.1830088,140.9204085,171.9593588,175.9425058,180.8625703,164.7112855,165.0101313,174.5042958,196.1228098,194.3894918,201.1261525
Information and Cultural Industries,Calgary,10.33963991,9.192554575,10.89930416,9.592693865,9.650617218,10.67866055,8.488273168,10.39714324,12.41447105,15.15474298,14.62607353,17.73398063,16.14642793,15.03250698,16.9892934,18.7204621,21.7012597,17.63081993,16.93824098,15.6310736,15.90553155,15.46900248,14.74960888,14.52198153,14.31939563,16.68225218,13.5533105,13.16034803
Manufacturing,Calgary,29.01848203,32.94572355,33.09931153,32.46657535,31.52682165,26.63446215,30.19823645,30.1871042,36.009173,38.6167342,40.19383473,47.1915403,43.19277405,55.78140228,51.28298335,50.60908935,53.33256343,51.65403435,42.6447037,50.34451528,47.25820055,48.80666428,42.38914238,45.05652635,46.02225018,52.71901008,46.22224385,49.2429614
Education and Healthcare,Calgary,54.25217978,54.42897983,56.28709995,58.76366103,58.1964347,59.59521785,67.42805598,60.47936808,64.97532913,64.4493703,70.04795985,71.53237705,71.56925348,78.59855768,77.69594405,80.7475129,83.4666362,78.96964355,96.65609365,104.933113,102.9792966,99.68230318,108.7000193,109.922098,113.2030905,116.625073,125.941598,126.787331
Personal Services,Calgary,43.70339318,43.79259585,44.36766053,47.51757223,48.2900011,52.72569835,50.9672893,57.37217553,57.23775818,59.06174053,62.19972305,68.74222275,65.18078725,69.09272068,76.96935498,76.5021861,79.73934253,86.75365075,74.64485085,80.39524295,82.60535828,88.9035845,96.19083105,91.3410884,95.51039488,103.171956,105.8054267,104.6750667
Primary and Utilities,Calgary,41.1270033,40.079227,36.87477345,37.71511153,38.15775505,37.0024614,37.7455944,35.42576478,37.33282468,39.40194945,37.84946733,36.21175463,31.05918183,32.89871715,41.86075495,43.35052228,37.8727576,39.35991668,47.67514485,63.2066661,65.7306666,59.9351943,54.47791135,53.45433265,56.15148433,71.85089625,68.55481738,68.0779795
Public Administration and Defence,Calgary,19.69231393,19.94725305,19.14927345,19.35638613,19.22196705,19.54314725,16.33192438,15.34026475,16.54664723,19.4740547,20.883786,20.64957978,18.4754339,16.5445816,16.236327,17.34263538,17.79989513,19.09347623,17.62663028,18.85589315,23.36333883,26.33148263,24.65600295,22.67185055,24.13806338,24.0029442,22.79785405,22.63074648
Services Producing Industries,Calgary,272.6772428,279.1885465,290.6967068,295.6125425,296.383541,300.0010203,297.9891093,305.0603385,316.7314085,339.4495485,356.424275,377.336758,403.806308,406.4050695,428.7769153,436.346584,450.3371058,463.2642798,479.62323,498.4793193,513.716618,534.3620618,544.8816583,536.1130085,545.9139065,560.742628,584.8329098,598.4482935
All Industries,Calgary,363.3051148,375.062485,386.0377858,390.6881325,390.073721,387.6973595,390.3782488,398.236944,420.093352,447.649381,469.5879835,496.0781555,513.4223255,540.177321,563.3838328,575.3819755,589.4651883,606.447289,620.5436388,670.4386783,689.6591235,715.2246323,709.5929438,701.1231395,720.4182018,756.865438,779.222402,799.574446
Transportation and Warehousing,Calgary,20.4930585,21.50345948,24.3750492,23.8260132,19.89244255,20.02466653,19.92867953,24.37250875,23.92151818,29.1606453,27.8366175,34.15952473,38.2525174,37.65878528,38.0390468,41.30392923,37.99964153,37.17692745,43.6812875,38.63454815,41.25888078,36.97366853,42.29129375,40.80445205,40.34391753,42.43358053,45.4605075,49.47043943
Wholesale and Retail Trade,Calgary,62.81237725,65.11340433,68.25251818,66.38425183,64.60419755,64.77010433,60.12645848,64.9611666,63.1475958,67.02285723,66.90317475,71.79544498,83.21250233,78.51886633,83.2175527,83.88929155,90.54184245,94.30450295,93.79813778,95.79008488,97.49751645,105.2675284,102.7084958,108.310775,108.5113308,103.568215,102.0741981,109.4055988
Business Services,Edmonton,32.29368443,32.8908837,33.43278515,33.66918108,29.92093348,32.36654853,35.15609435,36.85385375,36.22269065,40.60444348,44.59665003,46.2253215,48.2596008,49.16422275,48.77457603,55.75204998,59.94671585,56.71307948,58.79047225,57.0661038,68.43920363,71.8814792,67.77518545,68.6055801,69.21619145,72.2113443,73.78623325,83.0872495
Construction,Edmonton,23.15250338,27.1381873,28.07215818,29.49250658,29.85670565,28.31151938,27.08655058,25.8587946,27.57196403,31.38411578,27.40790053,30.55968613,34.907505,34.17650148,41.68929468,46.65311725,47.95425585,51.77226778,52.3464477,57.21133945,66.70709755,70.49867308,61.95426073,67.592446,74.85483275,86.89833438,84.69180805,89.28118148
"Finance, Insurance and Real Estate",Edmonton,23.35382445,23.42313093,26.72063093,27.95647458,28.28848763,29.67490548,27.32762295,26.96526638,26.49934278,23.48569125,26.85535233,29.96541808,28.93015485,29.5953935,30.73282278,31.39216248,27.5843871,31.88871165,31.2268346,32.55149053,30.01364978,36.4999102,36.3800861,34.58782898,31.23260628,31.49160648,35.84771433,33.55523015
Goods Producing Industries,Edmonton,78.19173025,81.97039213,84.00798173,80.69633565,80.64426053,81.82343368,79.96473858,83.39955468,93.30497225,90.84719998,96.49116483,99.67059785,110.1301888,101.2077086,107.4803815,121.0102948,121.4471185,127.623157,125.2619985,128.0944635,147.3825425,146.669362,136.9885385,137.8725375,156.2813178,178.021313,184.655198,188.2184335
Information and Cultural Industries,Edmonton,12.56962653,15.45088773,12.53384675,13.04181535,12.17074395,12.04053508,11.6619322,13.37101463,14.3563289,14.50992553,13.51791048,17.22017798,11.63913223,11.26626775,11.55747913,13.19054543,11.39911021,12.51055518,11.8133222,11.73079983,14.10210625,11.19043398,11.94274373,9.816670708,12.431011,9.9035848,8.172901885,9.8455329
Manufacturing,Edmonton,37.44467303,39.32051783,37.59591383,35.84299775,35.04024353,37.400916,36.59976723,40.83225163,41.3806431,36.84529583,44.34253065,43.85936118,55.38947028,46.5294727,48.39125808,55.64279108,50.14812273,53.225107,48.7097092,47.1441036,53.4706776,49.4474112,44.25642023,40.7946746,51.50093948,48.6162975,58.73542948,56.81479745
Education and Healthcare,Edmonton,69.39458263,71.9208225,78.21540378,77.23294723,84.22495528,82.84114778,79.27721103,80.546719,80.63827718,82.20012828,80.5547217,84.4034756,89.9239261,85.97726618,95.34899245,95.9055131,93.25215005,103.548057,99.62111203,104.7701446,113.373016,112.249122,116.7533725,124.3823885,128.0949758,127.7405878,124.5494175,125.0087635
Personal Services,Edmonton,54.96519908,52.15475718,48.75348595,55.2810324,54.19337468,56.917883,60.61121663,57.91083313,64.64066568,61.91709753,69.44036675,68.66090598,66.03514235,72.36045295,69.45926275,69.7580214,77.37728455,76.54002653,74.8631193,75.19129563,82.2715295,80.0679018,86.53462575,89.9281975,94.65776633,93.38839863,101.7842235,107.15853
Primary and Utilities,Edmonton,17.59455385,15.51168698,18.33990973,15.3608313,15.74731135,16.11099828,16.27842083,16.70850848,24.35236515,22.61778838,24.74073375,25.2515505,19.83321328,20.50173425,17.39982868,18.71438648,23.34474003,22.62578208,24.20584178,23.73902063,27.20476725,26.72327768,30.7778574,29.4854166,29.92554548,42.50668128,41.22796035,42.12245465
Public Administration and Defence,Edmonton,34.95295243,36.46394388,39.65700655,37.59846068,37.8065396,36.5675776,32.44784015,32.46972803,27.80650805,28.7090314,30.36175648,27.2200675,26.97875823,25.93816278,28.85426525,29.0308531,33.96432258,31.69838035,30.75967708,40.44275033,34.8289771,36.5157878,42.29058705,38.08411435,40.18650073,40.51054405,38.81176975,38.8315346
Services Producing Industries,Edmonton,322.3829553,329.800616,334.7298773,345.2200773,347.6146728,346.4783515,341.515715,345.47132,348.9065405,350.5878518,369.5884298,374.5287308,372.6066295,389.565791,400.2474383,404.3050605,423.3250463,435.0142673,435.8990378,452.1686438,470.5154468,496.9649035,506.227476,501.4894565,522.8670683,528.1695763,543.3471988,556.411882
All Industries,Edmonton,400.5746855,411.771008,418.737859,425.916413,428.2589333,428.3017853,421.4804538,428.8708745,442.211513,441.4350518,466.0795945,474.1993288,482.7368183,490.7734995,507.7278193,525.315355,544.7721648,562.6374243,561.1610363,580.2631073,617.8979893,643.6342653,643.2160143,639.3619935,679.1483858,706.1908893,728.0023968,744.6303155
Transportation and Warehousing,Edmonton,24.64942318,23.84032383,23.3685874,23.35064568,22.49307078,21.9260111,21.16528613,21.52122158,23.12849018,25.28780953,26.92318818,25.6220037,24.4222803,30.56336785,30.46891933,27.6535685,31.34214763,30.50126,30.3004397,32.90011983,32.8086239,36.13561033,30.10141005,35.43970475,33.22089523,36.37465325,39.99953698,44.79685458
Wholesale and Retail Trade,Edmonton,70.2036625,73.6558661,72.04813068,77.0895204,78.51656735,74.14374313,73.86851165,75.83268343,75.61423725,73.87372495,77.33848368,75.21136048,76.41763473,84.70065708,85.05112025,81.6223465,88.4589281,91.61419713,98.52406068,97.5159392,94.67834063,112.4246583,114.449465,100.6449716,113.8271215,116.5488563,120.3954018,114.128187
Business Services,Alberta,83.98935628,86.0113347,91.04001733,92.38635753,93.96254948,97.20190493,102.672818,106.6669425,112.257859,122.7986675,132.8995893,143.4641655,159.292442,163.4313028,171.9785693,178.8196388,182.4117295,187.373916,199.2989033,207.2214008,223.8373468,232.7968303,222.1047605,222.675235,235.3803403,239.564967,254.217251,263.260868
Construction,Alberta,68.63826613,77.11546128,80.8248595,83.65815713,81.42034875,81.58078958,81.19716703,86.4466924,93.22489798,97.7240524,97.0040916,104.1572021,115.291609,125.4090358,130.579734,139.587267,144.4072005,161.1075228,163.238867,176.6983253,198.039798,216.1520568,202.0388763,200.3085248,218.0008505,236.1387265,243.9801795,256.2534805
"Finance, Insurance and Real Estate",Alberta,64.06396033,65.43678775,69.492413,74.05151868,76.4674268,75.84668693,73.9609356,73.5805875,75.35087038,73.192786,76.47786613,75.9609356,81.41997408,80.06054923,82.82460993,83.35177613,86.45865493,92.59701778,97.0798744,99.61136615,100.9112793,112.8834035,112.793035,110.2347325,98.43466998,97.52332938,104.1560158,104.6708563
Goods Producing Industries,Alberta,332.6600488,353.9650298,353.8554068,361.1600433,358.4409765,356.271642,360.19686,367.7042983,383.8409408,393.738925,404.2155875,416.5408055,419.212129,428.3057908,441.4992238,460.2365678,471.8628685,498.1158063,497.4810358,532.5060325,567.8693123,585.1094998,540.5750423,534.4630858,574.600883,623.0499088,641.908647,657.9147858
Information and Cultural Industries,Alberta,30.69578593,31.75455693,31.36308465,28.7972281,28.05772085,30.37862543,27.64458865,31.65979103,33.92325188,36.99363648,35.11933428,42.93787283,33.64067375,33.7893355,35.79163458,39.40858433,40.52249575,37.21952268,35.77325845,33.97985235,36.37029463,33.71388355,32.08394515,31.76033908,33.07840565,32.98931495,28.3290091,29.39752438
Manufacturing,Alberta,92.23660365,98.6333643,98.04174478,96.2814543,90.9623644,91.03800513,93.25159645,100.058977,106.6634065,106.8912503,118.3694855,125.6247178,134.9960138,137.833785,139.187098,147.485286,147.0712968,146.6789613,134.4863363,140.960531,144.4102263,140.1949465,123.4433255,125.285498,133.8163525,137.650806,142.662806,144.4027358
Education and Healthcare,Alberta,190.12182,194.0716823,203.660072,208.7569863,212.4950235,208.9749865,217.8003958,212.646665,217.4528598,224.9865633,232.9302295,239.7756548,247.7187658,250.9661808,257.8196478,264.8560713,268.44005,275.620736,296.6220575,314.0423283,322.1541413,315.2974453,333.090486,344.5172908,348.68259,359.4260198,357.9366098,365.1955258
Personal Services,Alberta,147.0198238,144.7240748,144.1092315,154.0636218,157.8669248,164.1947083,169.1926778,179.959192,186.650269,185.5086515,200.826111,210.481162,208.1213615,216.6489205,218.9366985,229.7862545,240.3152185,242.1352163,231.1625188,243.5126318,254.353197,257.7291145,277.4654598,275.4052148,291.036703,289.6972753,303.35526,314.9941795
Primary and Utilities,Alberta,171.7851793,178.216204,174.9888028,181.2204318,186.0582635,183.6528475,185.7480963,181.1986288,183.9526368,189.1236223,188.84201,186.7588853,168.9245058,165.0629703,171.7323918,173.1640148,180.3843713,190.329322,199.7558323,214.847176,225.4192878,228.7624963,215.0928405,208.8690633,222.78368,249.2603763,255.265661,257.2585698
Public Administration and Defence,Alberta,81.14133538,83.95394273,86.34358508,83.6371508,86.35834538,85.86928875,78.91697318,75.4625852,71.17773575,72.6103625,72.80340773,71.04849593,64.78790115,62.4096605,64.1804843,65.69431713,73.08360335,71.45192283,70.28035683,83.58651728,82.48988373,86.5071452,87.78369115,86.70703438,88.00458068,90.84331385,89.64146373,87.96464117
Services Producing Industries,Alberta,855.356618,868.8599705,897.1529268,914.42329,925.0840233,923.9700248,929.3614733,957.5207018,981.7757258,1011.011073,1048.534413,1092.72586,1125.171203,1155.79421,1186.40911,1212.538433,1255.895465,1277.95086,1323.918965,1380.810635,1423.580685,1467.5655,1489.266623,1490.15358,1525.62412,1549.833425,1583.23302,1615.734463
All Industries,Alberta,1188.016668,1222.825,1251.008335,1275.583335,1283.525,1280.241668,1289.558333,1325.225,1365.616665,1404.75,1452.75,1509.266668,1544.383333,1584.1,1627.908333,1672.774998,1727.758333,1776.066668,1821.400003,1913.316668,1991.45,2052.675,2029.841668,2024.616665,2100.225,2172.883333,2225.141668,2273.64925
Transportation and Warehousing,Alberta,65.96429373,64.90359323,67.75955858,67.01387228,61.05853808,60.04264428,61.79287288,68.42486195,71.31531823,79.18329425,83.65825743,85.4728068,90.61457068,97.50646668,98.86984285,99.41092808,100.4316739,100.1308506,108.6943953,107.7567855,107.665958,108.2347218,105.9196865,107.6557385,110.792731,117.247771,119.682497,129.7182418
Wholesale and Retail Trade,Alberta,192.3602425,198.003998,203.3849648,205.7165548,208.8174948,201.4611795,197.3802118,209.1200763,213.6475613,215.7371145,213.8196175,223.5847678,239.5755163,250.9817933,256.0076233,251.2108618,264.2320395,271.421678,285.0076,291.099752,295.7985873,320.402956,318.0255603,311.1979955,320.2140968,322.5414338,325.9149133,320.5326278
Business Services,Vancouver,70.56966555,80.47403508,80.4683633,86.30717348,90.27742385,86.40823178,94.94992063,101.4029483,101.5007748,111.2352678,111.0055343,123.830447,127.0810153,131.8358948,138.0829423,135.240047,140.8686423,145.302008,159.918424,160.9759033,165.8550118,167.872842,167.2933585,163.0890735,169.756863,165.587947,177.4121948,177.312171
Construction,Vancouver,40.9701596,48.45146765,55.42312298,64.62473513,58.06459273,55.25504083,52.75863708,68.41240968,62.8203849,59.91344093,59.20531948,59.02811673,53.91931508,53.15360258,54.1690309,58.0385725,55.64881385,72.43839415,78.70128703,82.1580077,90.17172855,103.3938195,99.23494795,92.8997574,101.6327553,100.3134856,103.8904491,104.1634278
"Finance, Insurance and Real Estate",Vancouver,57.90208238,64.85942218,67.2891122,63.9302266,63.39187875,72.2544616,73.1065999,76.5613622,72.4747345,77.48466473,80.69875788,73.84217143,77.8943911,78.0611225,77.18222343,81.50004768,84.1393584,85.61064195,77.46074338,84.34857845,87.77726785,93.1662764,84.68574223,87.58060173,91.80618125,90.4509463,91.36844295,92.91747563
Goods Producing Industries,Vancouver,142.7387483,148.665782,160.9730863,178.3998045,174.4591595,162.2442343,160.7908893,179.5631738,181.006387,182.5211405,183.7529805,177.4176188,170.2336338,185.1877633,176.408094,180.546343,190.3083765,202.3519193,203.9932563,204.625033,217.2409445,223.3566155,204.5050445,198.6705318,208.7262053,214.3153915,211.4920043,218.7509283
Information and Cultural Industries,Vancouver,28.47620473,27.3507148,26.11449695,26.56831303,26.49525053,25.6312766,26.2556543,26.53678155,33.01145495,28.21129838,34.48936945,37.16180835,34.554241,41.01295535,43.08670773,41.0144367,35.13695858,36.2470572,37.44316908,39.54039273,43.05813305,38.39030003,35.61853905,38.45416345,35.19641633,34.62907973,36.8944862,34.57499523
Manufacturing,Vancouver,82.81300353,82.55705125,85.70509238,90.08732593,90.00422765,86.76100435,85.34809065,90.23614168,97.24442385,101.5699761,101.2572497,94.8286535,97.26742008,111.6525548,104.4403724,104.6685588,112.8298193,109.9296528,101.1559546,101.0439362,105.4841338,99.28452575,86.05145515,84.6551331,85.09523788,94.2972268,84.69746838,90.45735768
Education and Healthcare,Vancouver,101.3702313,108.5724748,115.9619243,118.787235,131.7868505,136.995938,137.0054283,149.5574678,152.7589838,145.2607213,151.2256788,156.8597038,162.2733368,170.1224273,167.7052495,186.1330155,181.144678,188.882938,191.5293253,202.2693833,200.489285,205.5023748,216.4462233,219.9970785,221.2985248,234.3506283,232.7527195,233.0134088
Personal Services,Vancouver,106.1262915,102.3995256,112.244201,109.0680395,108.1054289,116.9622828,122.9816838,129.9045003,136.372995,140.7106503,135.3177008,140.9522575,149.8919725,154.2013228,160.5577123,158.145585,161.2678413,163.9859075,163.3111898,163.4693148,165.4832865,166.992737,169.915318,178.741688,182.179335,192.3845033,173.9853558,186.339826
Primary and Utilities,Vancouver,18.95558535,17.65726295,19.8448708,23.68774345,26.39033913,20.22818913,22.68416163,20.91462255,20.94157795,21.03772378,23.29041163,23.56084843,19.04689848,20.381606,17.79869083,17.83921173,21.82974335,19.98387235,24.13601465,21.4230889,21.58508215,20.67827018,19.21864133,21.11564105,21.998212,19.70467908,22.90408695,24.13014265
Public Administration and Defence,Vancouver,35.6698009,36.98800928,37.50224155,40.15108765,41.73272508,43.01052035,46.74354538,44.5152067,40.40255843,49.76803445,39.52509288,41.92351675,38.84834145,42.06600525,41.81782098,42.48443215,49.77313625,47.32046908,44.55647175,42.20957565,43.9201432,44.038941,48.00754613,47.63383783,51.0234655,47.45858965,45.61946965,51.1491529
Services Producing Industries,Vancouver,584.0380388,609.023143,637.2700355,644.988075,661.1506063,694.5199933,704.0711003,724.0521343,746.1919813,762.4954458,782.7286168,794.0217145,825.9674688,847.2018305,861.0374663,882.551069,900.6059433,899.9233605,922.4442155,943.3240293,962.9079963,969.9048038,981.5703095,1001.850266,1015.66867,1032.750838,1036.240375,1057.711253
All Industries,Vancouver,726.7767873,757.6889248,798.2431218,823.3878798,835.6097663,856.7642275,864.8619893,903.6153085,927.198368,945.0165863,966.4815975,971.439333,996.2011033,1032.389595,1037.44556,1063.097413,1090.91432,1102.275278,1126.437473,1147.949063,1180.14894,1193.261418,1186.075353,1200.520798,1224.394873,1247.066228,1247.73238,1276.462183
Transportation and Warehousing,Vancouver,52.30529225,49.55393855,52.35098833,55.44001388,58.2462346,61.92732943,56.763689,51.81616478,55.8870606,58.1432701,69.36935013,62.4347086,70.91788055,73.414802,67.05580515,66.21857123,66.42997758,63.8184632,68.32182308,65.12440878,72.77903085,70.201584,65.7036022,67.18658398,69.47737053,78.70491683,74.9231371,82.77245415
Wholesale and Retail Trade,Vancouver,131.6184695,138.825023,145.338708,144.735986,141.1148145,151.3299525,146.2645793,143.7577028,153.7834185,151.6815388,161.0971323,157.0171013,164.5062903,156.4873,165.549005,171.8149338,181.8453503,168.7558753,179.9030695,185.3864723,183.5458378,183.7397493,193.89998,199.1672388,194.930513,189.1842248,203.284569,199.631771
Business Services,Victoria,8.093745945,9.768585658,9.70055735,11.81149113,11.42426171,10.9790312,11.4487651,11.98317373,15.16910725,11.05144358,14.34540833,14.80095165,18.08028218,18.82938458,18.17282138,17.837698,18.60921548,18.39008063,19.66925868,21.77491203,21.4885745,24.8926462,22.92343088,23.87001358,24.52921725,24.90860945,25.99917418,22.8410644
Construction,Victoria,5.991146325,8.207966693,10.862258,7.276079755,7.96610003,9.283786913,9.16796669,8.173239463,8.903946658,7.999336955,9.409722053,9.28743717,9.588962088,8.323794343,7.97954674,8.0923682,10.06255323,8.699562883,12.1185306,14.4710068,15.06232298,13.78114438,14.05030278,13.94848373,11.76326421,13.07264503,13.11857883,12.13614395
"Finance, Insurance and Real Estate",Victoria,7.510820728,8.099825258,8.136946298,8.20551209,8.832042683,7.909018933,7.233071598,9.436131433,8.79218181,8.921546963,6.855189118,10.93118115,8.152971543,7.730400635,7.445540218,9.322023975,8.07995349,9.091693905,10.97705288,9.020192363,10.45709587,9.215378753,9.466924808,10.60848676,11.30080563,10.5371427,8.865050813,8.46179903
Goods Producing Industries,Victoria,14.92146873,16.56028825,21.29263845,16.73743515,16.8150206,16.91246898,19.52127513,16.751307,17.78377195,18.8329543,20.02996355,20.96544425,17.45468395,16.94221993,17.6388167,17.5478127,21.57637523,19.56244975,21.73479778,23.86188333,24.30761233,22.35403538,23.05758515,21.2925333,20.463532,22.0235897,21.07215588,21.52336295
Information and Cultural Industries,Victoria,2.67798931,2.749470835,3.754430748,2.799380138,3.080666825,1.997434085,2.24989237,2.762754448,2.786610165,2.716897843,3.256368078,2.368685158,3.377770368,3.462350413,3.658826165,4.2762435,3.05325393,3.927709883,3.562855325,2.864435803,3.727089155,3.244161728,3.224855235,2.738718473,2.724457618,2.405993313,2.446240355,2.535558543
Manufacturing,Victoria,7.059125528,5.387833875,6.586623415,6.023015548,5.741065205,5.301056505,7.25493279,5.89881716,6.468941393,6.30697872,7.452588833,8.26555712,6.216104408,6.12989109,6.251987355,6.936252258,8.50345008,7.922358768,7.730353438,7.378272708,6.729686275,5.969071403,6.27290179,5.458100485,5.93870691,7.048206835,5.799829518,7.069036998
Education and Healthcare,Victoria,24.95603643,24.86663203,26.25614248,28.19624823,27.99672958,30.34250325,30.47174925,30.546126,29.64338075,30.2183656,32.98862663,31.335899,33.83334795,32.79250083,31.66048498,31.3368787,33.42540395,32.5384775,33.3822069,37.7153195,40.50170713,37.0565319,40.4369346,42.9307466,38.5330868,43.1259294,42.33349728,40.82550445
Personal Services,Victoria,20.05623645,18.79936393,19.51533683,20.99136335,19.99009468,21.35589385,19.63861203,23.34062645,20.96775498,23.87449468,24.4454175,23.9192777,26.29433743,24.72848673,26.4674173,27.96510348,27.92543065,26.82567513,28.86781263,25.49827468,25.72087325,30.71995533,25.66681633,25.94731268,27.11350598,28.3296347,28.44586275,29.37565273
Primary and Utilities,Victoria,1.871196908,2.964487688,3.84375706,3.438339835,3.10785536,2.327625545,3.098375653,2.6792504,2.410883913,4.526638608,3.167652638,3.412449973,1.649617478,2.488534505,3.4072826,2.519192243,3.010371908,2.940528103,1.885913803,2.012603795,2.5156031,2.60381958,2.734380585,1.885949085,2.761560883,1.902737845,2.15374753,2.318181988
Public Administration and Defence,Victoria,17.0274862,15.51809595,16.97851953,19.0185147,18.29303723,20.04871955,19.70806218,19.60263238,21.17254115,21.00034573,21.026313,17.72345985,18.8734309,19.55273378,18.25647673,15.34207408,16.29793678,19.75692273,19.96965265,18.00301755,18.83433428,22.48605353,20.49961698,20.5211906,19.7382481,18.5346489,17.39869223,17.71612028
Services Producing Industries,Victoria,103.4617705,102.4998563,108.4224988,117.7661815,118.1649368,117.340442,118.1663043,127.630115,124.9179218,123.8624943,129.52007,125.982849,137.799165,138.1865453,133.3861833,138.4271873,138.0736245,142.6375505,148.090202,150.3131168,156.4173878,165.7459645,157.8674148,159.6824665,157.536468,159.70141,158.627844,153.401637
All Industries,Victoria,118.3832393,119.0601445,129.7151375,134.503617,134.9799575,134.2529108,137.6875795,144.381422,142.7016935,142.6954485,149.5500333,146.948293,155.2538488,155.1287653,151.025,155.975,159.65,162.2,169.825,174.1750003,180.725,188.0999998,180.925,180.975,178,181.725,179.6999998,174.9249998
Transportation and Warehousing,Victoria,4.813345355,5.060734285,6.22809899,6.583480698,5.765312245,4.411332535,5.027300923,5.979171853,5.045195775,5.096316933,4.310596388,5.008567533,6.17744362,6.411647433,5.78496983,5.943041075,6.248907568,7.163318618,5.894272503,6.609460695,6.58169923,7.34359123,6.558708553,6.432167008,6.578079638,5.956382623,6.177244725,7.572510798
Wholesale and Retail Trade,Victoria,18.32611008,17.6371484,17.85246695,20.16019128,22.78279205,20.29650865,22.3888508,23.9794987,21.34114978,20.9830828,22.29215098,19.8948269,23.00958075,24.67904078,21.93964673,26.40412453,24.43352295,24.94367183,25.7670906,28.82750413,29.10601425,30.787646,29.09012748,26.63383103,27.019067,25.90306923,26.96208183,24.0734268
Business Services,Winnipeg,17.92009035,19.51837685,20.46940305,22.32911555,20.40199698,20.55571513,21.52464345,22.51897965,25.65416795,26.252456,30.79802693,32.54907913,30.43982865,32.17984398,31.63046788,35.7301167,36.27661575,36.3755734,35.47984918,33.44944968,34.25196063,37.0025708,36.61408068,36.7106529,31.8564785,36.06604523,36.42567823,31.98791353
Construction,Winnipeg,19.62364693,15.27475863,15.18031693,14.1713958,12.97826555,14.01308565,13.82367503,15.76461565,14.56199608,14.97748333,14.63788638,16.31494608,18.73247803,17.72029353,16.05918195,15.80477795,16.47798368,18.03074905,18.19407925,17.96380103,19.83088443,23.65354823,23.71800085,23.8091802,26.77193268,27.66638703,27.31331698,25.40997568
"Finance, Insurance and Real Estate",Winnipeg,24.48036943,23.93833823,23.81340808,24.24395018,24.83948268,23.50830083,21.8804247,22.92129963,23.66777138,21.06884695,21.26517478,21.54269708,23.5999688,23.06911233,23.68357393,23.37203443,22.91688985,22.92643555,26.02675018,25.14578368,26.9474612,27.99319208,27.18727855,26.53469033,27.16300553,26.06470785,25.3647975,25.52962595
Goods Producing Industries,Winnipeg,70.52763648,69.76558038,70.93408528,63.87634703,61.0479869,59.88230218,59.8422622,61.37420945,62.197396,64.99963018,66.1210186,71.6670745,74.7501245,76.37481828,74.76594623,75.11545323,71.90671443,74.06577733,70.92592945,71.3114909,75.02144865,76.38409165,70.83620655,69.12364913,71.37846723,75.03970565,77.9180608,77.43509938
Information and Cultural Industries,Winnipeg,9.133227598,9.263084968,9.746922285,9.26902087,9.443394548,7.590525488,6.97493807,7.961717538,9.174373075,8.756655883,7.661255473,7.548762255,7.175793803,8.871073965,7.531307608,9.309209255,7.759731613,9.388813463,10.60647705,8.957112935,9.498065993,9.062495258,8.684067678,8.021438635,8.46487699,9.72352527,9.131184535,7.34380941
Manufacturing,Winnipeg,42.98154313,45.40449405,47.0511243,42.72540625,41.61196995,39.86520873,37.72690618,38.60450253,40.90912328,42.96909508,46.16707368,47.81033525,48.80943028,50.5439955,50.43700678,51.1599595,47.0429702,48.24284113,45.7212671,45.86705355,47.9859773,46.00269893,40.5162298,38.6496129,37.53363325,39.40881155,41.35304565,42.82720903
Education and Healthcare,Winnipeg,56.28737553,56.97842583,60.75520478,61.35939748,65.00021203,62.11926605,61.97964328,61.9548685,67.0383877,64.63326333,64.96389275,65.8701875,64.93998185,68.10516938,71.84737608,73.36061785,74.78819345,78.32210143,79.55384828,82.12942408,83.2428401,84.24472645,83.78770078,90.35155858,92.63933415,93.6894029,92.30137965,99.05013023
Personal Services,Winnipeg,39.72182333,42.09941453,41.0693381,44.66209208,42.7658402,44.33377863,45.57804373,41.0670969,42.26796993,43.56517383,44.62141758,44.66743953,45.01836168,45.7557926,48.59583668,48.9821261,52.42306955,50.18336018,51.40273943,53.03658853,52.40263508,50.59326683,54.26207285,55.89395705,54.82245528,55.53485203,59.47674133,57.15738855
Primary and Utilities,Winnipeg,7.922446435,9.08632771,8.702644013,6.97954499,6.45775139,6.00400784,8.291681008,7.005091295,6.726276653,7.053051748,5.316058573,7.541793135,7.208216188,8.11052927,8.2697575,8.150715735,8.385760533,7.792187175,7.010583113,7.48063628,7.20458694,6.727844503,6.601975865,6.66485605,7.072901338,7.96450705,9.25169821,9.197914698
Public Administration and Defence,Winnipeg,24.048187,23.22118808,23.9563552,24.90506593,23.88015083,25.7983532,25.4332865,27.04616598,24.7402475,26.0778624,25.1919721,23.60051663,24.05656398,25.31517423,25.30499595,24.90307598,24.71631368,27.60905375,24.80542068,25.99697525,27.99850053,26.18900858,27.580311,25.78103703,25.38601395,25.83711648,24.02104348,23.70622978
Services Producing Industries,Winnipeg,254.026168,257.8556495,263.185077,268.0196598,265.6792965,260.1882143,262.104021,260.2949598,273.5127563,267.5739508,269.6542248,275.4175343,276.1401898,281.8804963,290.4159038,299.14252,301.1515943,305.03753,306.2124973,313.3453288,317.1433613,320.1624115,323.4875478,328.762668,325.4665413,334.1370913,333.740726,333.1935358
All Industries,Winnipeg,324.5538045,327.62123,334.1191625,331.8960068,326.7272835,320.0705168,321.9462835,321.6691695,335.7101523,332.5735808,335.7752435,347.0846085,350.890314,358.2553148,365.1818498,374.2579733,373.0583088,379.103307,377.138427,384.6568195,392.1648095,396.546503,394.323754,397.886317,396.8450083,409.1767965,411.6587868,410.6286353
Transportation and Warehousing,Winnipeg,26.23163438,27.14265075,27.7044587,26.10881418,24.37004438,21.73715033,23.9210439,23.84267233,25.79491533,25.11316675,23.6541579,24.06595145,24.36139745,24.7380454,26.60587305,25.1306262,24.34911628,22.98153573,23.04844595,23.74084455,23.36634453,24.6891744,26.25235063,24.89720258,23.60429205,24.9432416,25.20504888,26.22192345
Wholesale and Retail Trade,Winnipeg,56.2034604,55.69417055,55.66998683,55.1422036,54.9781748,54.5451247,54.81199735,52.98215943,55.1749234,52.10652555,51.49832735,55.5729005,56.54829353,53.84628455,55.21647255,58.35471363,57.9216642,57.25065628,55.28896683,60.88915008,59.43555308,60.3879771,59.1196852,60.57213088,61.5300849,62.27819988,61.81485245,62.1965152
Business Services,Halifax,9.933006865,11.95329423,11.99879723,10.7747467,12.11159018,11.61771778,14.52090258,15.17370763,15.1292549,15.75851243,17.4077703,17.78471403,21.40830493,20.22640038,21.5125157,22.18710355,22.72915235,25.49922248,24.81989423,27.72540958,24.795369,26.32892005,24.92439488,27.24092643,25.10148563,26.48383935,31.40633033,29.9813157
Construction,Halifax,9.082015228,9.772699263,8.999132175,9.382821038,8.01360295,6.243949228,6.898285373,7.610428303,7.091787868,8.6366342,7.826288003,8.119546853,9.265222558,10.03780437,10.55332792,9.702093455,10.67136415,12.48215778,12.9154207,12.03230635,12.79162228,13.6523574,13.45454573,14.92118348,15.72060448,14.1187664,14.85392768,15.94131005
"Finance, Insurance and Real Estate",Halifax,12.6047546,11.88290528,12.21610973,13.98750578,14.4941974,13.5355197,13.19229293,13.27518338,12.71889438,13.42874875,12.7309856,15.24607393,15.15006728,14.37722165,13.12083848,13.95764113,13.55902215,14.05565738,13.90105578,13.76774245,14.4258349,13.86878663,13.40429803,13.63217453,15.0609009,14.67029698,13.76554625,14.59526288
Goods Producing Industries,Halifax,24.48282845,23.80596673,25.19782028,25.33133138,23.0920652,22.69741413,18.95369083,17.67785913,18.94936585,19.49975725,18.868582,20.61488088,21.53060225,24.39421178,25.20004553,26.79660005,25.0150745,27.15051078,25.52942358,25.2934223,28.30428438,29.16217085,29.0342437,29.27086635,30.46101675,28.92072308,29.5818354,30.6428213
Information and Cultural Industries,Halifax,5.578946265,4.266935015,5.56245267,6.329224583,5.79542586,5.086315443,6.008070548,6.628885128,6.882768188,5.39545974,5.631718653,4.935417258,6.48903242,6.700323395,6.994814248,6.607683618,5.478324575,5.616845168,5.411002095,5.886774085,7.304486183,6.075021743,5.57132047,6.56661664,6.076993265,6.297200333,6.177600245,6.900820915
Manufacturing,Halifax,10.68703039,9.570734738,12.33766865,12.20722573,11.3380641,12.62019923,8.800271123,7.875836598,9.863848538,8.996461378,8.547007408,9.452751328,9.474266933,11.27327084,11.56862208,13.01605378,10.72729208,11.39260808,9.863636693,10.52120323,12.49933525,11.82125713,11.82792997,10.29064019,11.42629538,10.53253759,9.989993235,10.60035024
Education and Healthcare,Halifax,29.30348415,30.07529195,30.29225075,29.92140215,32.51015138,32.03614268,32.98660493,34.42743373,33.0583843,32.96822475,35.3779037,35.91139175,34.76049933,38.6866748,37.49135113,36.82717605,40.3632979,38.14241358,41.09299023,42.4711729,44.37993395,44.27959118,49.68943558,47.81447523,47.64913793,50.52597,50.7045494,49.19245443
Personal Services,Halifax,17.10857735,18.79440215,20.3847328,19.73375595,18.9133767,18.09255185,21.84116133,22.0423468,22.49105623,24.34688695,23.68526055,25.02331685,26.66938025,26.10362353,25.77223833,26.42149533,27.58959633,29.25678185,28.53952075,25.97465248,29.1201454,29.60710865,28.28858258,30.16660588,29.27536888,32.72831278,29.26338578,29.14534723
Primary and Utilities,Halifax,4.71378281,4.462532715,3.861019443,3.741284613,3.740398133,3.833265665,3.255134325,2.191594218,1.993729443,1.866661653,2.495286598,3.042582708,2.791112768,3.083136543,3.078095538,4.0784528,3.616418323,3.275744948,2.750366185,2.739912715,3.013326853,3.688556323,3.751768015,4.059042695,3.31411691,4.269419103,4.73791446,4.101160993
Public Administration and Defence,Halifax,18.30526528,19.1292558,18.09244728,18.06407185,17.4472346,18.78228545,17.37591883,17.45776733,19.47745488,18.52842203,18.18787625,17.30723305,14.4077528,15.17970548,14.56724605,13.38329245,17.06768505,16.74005728,16.85921465,17.60333445,16.72787818,16.53601733,17.88698083,18.2559082,18.3905713,16.9130814,16.66825338,15.87322315
Services Producing Industries,Halifax,129.2451045,134.0758205,137.6309608,139.9314065,141.6974835,134.8893863,141.5084293,145.3654273,145.3041305,148.031099,150.1958715,155.9579608,158.8127338,164.0203338,164.506037,163.9692973,171.130575,175.0373045,176.4683498,179.5063813,180.998095,180.9735383,185.507462,187.1666683,188.4169358,192.6462128,192.6850635,192.4708248
All Industries,Halifax,153.7279333,157.881787,162.8287813,165.262738,164.7895485,157.5868,160.46212,163.0432865,164.2534965,167.530856,169.0644535,176.5728418,180.343336,188.4145458,189.7060825,190.7658973,196.14565,202.187815,201.9977733,204.7998038,209.3023795,210.135709,214.5417055,216.4375345,218.8779528,221.5669358,222.266899,223.113646
Transportation and Warehousing,Halifax,8.039872185,8.171039083,9.870085885,10.23365418,9.718889663,9.61954448,9.086033228,8.326347843,8.907886958,8.006335588,8.089568338,9.10793937,10.63247235,11.2906132,10.57284696,9.654253623,10.50769143,10.75423315,10.03652884,10.12233724,9.275262665,9.60039759,10.99299388,9.57557916,10.25617484,12.01445203,9.79936924,10.39959655
Wholesale and Retail Trade,Halifax,28.371198,29.80269693,29.21408463,30.88704545,30.70661773,26.11930863,26.49744478,28.0337554,26.63843085,29.5985087,29.084788,30.64187468,29.2952244,31.4557711,34.47418613,34.9306517,33.83580548,34.9720934,35.80814318,35.95495825,34.9691849,34.67769513,34.74945595,33.9143821,36.60630325,33.01305988,34.90002878,36.382804
Business Services,Hamilton,18.61397165,18.0700995,19.1152552,19.460258,16.60543068,20.9376379,20.48903223,25.2527483,26.50810918,24.23573888,26.94058355,26.46298253,29.5978887,31.91871673,30.64794435,32.95191553,34.75146518,32.80560918,34.52442935,38.77432563,37.1834888,40.31975535,35.81685653,39.65447963,39.76946643,39.7226101,45.36951188,48.58008878
Construction,Hamilton,15.7943277,17.694446,20.16851023,21.30429918,16.12485415,15.4975413,13.83191645,14.51983755,16.45553303,15.49571295,19.20709395,16.54983018,15.88318598,17.73450428,18.86944445,18.07997695,20.51142435,17.8741439,21.6225682,27.79421298,23.07172818,26.6203374,24.19622935,26.4832386,26.3705249,28.89261178,29.32355533,27.95907425
"Finance, Insurance and Real Estate",Hamilton,18.74957773,18.61075585,19.33046905,24.2922936,20.7371512,17.2140135,20.10653595,20.19644038,21.81866568,22.17466505,21.4093184,19.66501355,23.20514113,24.65894733,23.63281643,22.60065053,23.38794568,22.37585065,25.22960955,26.07043358,23.82501608,24.25773558,26.41504968,24.37811525,25.10603915,27.05888825,26.2403545,21.93657168
Goods Producing Industries,Hamilton,101.7626244,113.0347673,125.4879675,105.3593813,98.62535695,86.03470605,78.12471678,83.80924128,86.14645538,86.40818373,90.40736908,88.59094495,89.80457068,92.80223088,100.0607134,91.89879,103.0948905,104.1883183,96.84212433,91.88934453,88.99831505,86.57544958,83.40794838,83.6852732,83.2131964,85.25877838,81.14407828,79.86318215
Information and Cultural Industries,Hamilton,5.824828338,4.831991325,5.965068995,4.409418278,6.82335292,5.716335138,5.2409897,5.883442298,8.711003788,7.94611387,5.5354123,6.734463243,7.642348083,5.43696743,7.461333383,7.819113883,7.85468883,7.72396766,7.938248725,7.833856328,7.811346078,8.444697525,5.164158965,5.901413103,6.509307668,9.367801073,6.19616296,8.01338231
Manufacturing,Hamilton,79.2461978,89.17510638,96.7334765,77.50823495,72.92978035,61.38564305,57.62873213,62.137312,62.48199228,64.1274552,65.1028561,65.7775985,68.41809613,67.43823975,73.78060418,66.74620823,76.29988325,78.34246615,69.18232033,56.7508024,57.99705935,52.98540725,51.1204094,51.5799221,49.373265,48.5796833,46.62015255,46.75263393
Education and Healthcare,Hamilton,49.14793765,50.6693924,48.92249165,55.42025133,58.37415283,53.89550728,59.3915328,60.66102333,53.11522048,49.76496283,54.66285555,54.68089818,50.73271333,59.5679218,60.60155588,62.88765543,62.27077733,65.39006273,66.61167523,70.42010045,72.62825415,77.2020632,72.63194878,71.24367918,71.49216745,77.69409988,77.77881495,76.97974353
Personal Services,Hamilton,34.4127671,36.2632456,33.54080978,35.272602,27.00169455,29.5815876,28.856391,33.46671613,32.55302625,36.09236468,36.80925695,37.76456715,36.66894178,42.03794673,37.27725318,42.21366225,47.04115055,47.43873985,45.03119223,39.75347943,48.7097659,44.6528883,45.84370765,49.28122523,46.782623,42.84252113,48.43860623,49.8461476
Primary and Utilities,Hamilton,6.722098848,6.165214953,8.585980618,6.54684695,9.570722618,9.15152174,6.66406817,7.152091775,7.208930093,6.785015558,6.097418993,6.263516305,5.50328859,7.62948688,7.410664705,7.072604823,6.283583033,7.97170836,6.0372358,7.344329148,7.9295275,6.969704928,8.091309578,5.622112553,7.469406505,7.786483305,5.200370443,5.151473995
Public Administration and Defence,Hamilton,13.70866355,11.05872758,10.26424727,13.436774,13.858933,12.61024775,12.64363335,15.3267327,15.2304751,12.1794795,11.52306828,16.06482945,14.86006683,12.73333955,13.92249398,14.98204525,13.81337215,11.6570527,13.5051177,15.13974605,15.296062,12.1181261,14.1961312,12.06176498,15.27176258,12.69161483,14.86031985,16.9694986
Services Producing Industries,Hamilton,201.37198,199.0141,194.6060843,217.0935985,201.7530265,203.9892275,206.7840685,217.4630518,217.1123033,213.7443293,218.063168,231.2132145,229.723159,246.0755855,246.5892865,253.62621,259.4801093,267.0616818,266.5328755,275.9856555,280.951685,283.7495505,286.3670515,285.414727,291.8618038,291.3412215,293.630922,303.8618178
All Industries,Hamilton,303.1346043,312.0488673,320.0940518,322.4529793,300.3783835,290.0239333,284.9087853,301.2722933,303.2587585,300.152513,308.4705373,319.8041598,319.5277295,338.877816,346.65,345.525,362.5749998,371.2500003,363.375,367.875,369.9499998,370.325,369.775,369.1,375.075,376.6,374.775,383.725
Transportation and Warehousing,Hamilton,9.523805788,12.20174888,10.33237074,12.04669928,11.8924892,10.19224302,10.0013455,10.55945641,12.82139685,13.43915203,12.2610254,15.21588325,12.65669858,14.2149134,16.3031617,14.63730915,13.08225405,18.05805368,17.30918653,16.39380435,19.38837798,17.38951318,19.8561972,16.74789393,20.05656988,18.15051968,16.44463818,19.07973483
Wholesale and Retail Trade,Hamilton,51.3904281,47.3081389,47.13537175,52.75530168,46.45982225,53.84165508,50.05460785,46.11649223,46.35440558,47.91185245,48.92164778,54.62457713,54.35936058,55.50683243,56.74272778,55.5338581,57.27845568,61.61234528,56.38341635,61.5999097,56.10937395,59.3647712,66.44300163,66.1461555,66.87386745,63.8131667,58.3025132,62.45665058
Business Services,Ottawa and Gatineau,37.6270592,46.12280903,45.68578973,43.53627668,48.9093572,47.49433348,52.26607493,53.0822595,54.80606623,57.0709168,63.0204871,68.19339765,76.4409597,76.50996535,81.41882163,78.34565805,91.71080218,75.88525288,85.24541815,88.36187038,85.7663258,92.48899253,90.85290255,86.33302035,95.31611915,96.2896336,105.4625143,100.3680991
Construction,Ottawa and Gatineau,32.90613635,29.73263908,24.7718968,28.66670783,24.36875105,21.19348463,26.1215673,26.68813718,19.87042558,18.0454594,18.68932725,20.2247881,20.82467383,25.23032638,28.0558523,27.37524768,32.00322493,30.2978661,31.297459,31.88032128,36.49175923,35.15910703,36.66134978,39.84028363,37.70115895,40.91309858,36.27462698,35.29195073
"Finance, Insurance and Real Estate",Ottawa and Gatineau,23.5672054,24.0452811,27.91982753,33.99834135,29.1793553,30.1561385,26.0026023,28.75515975,25.56723345,31.66759925,26.33808585,26.91379658,27.37648625,28.37747598,25.87566093,27.09996258,27.25954458,29.39552015,30.4033154,33.16122888,31.46697958,31.2145285,34.1048027,34.2234066,33.24107683,34.6441742,34.6366722,31.9290007
Goods Producing Industries,Ottawa and Gatineau,65.3675558,63.3815792,60.5474636,59.28403158,57.3127233,52.14363818,57.22784563,57.55969753,55.63664635,49.5020092,54.39589858,58.36311015,67.44811165,74.6626234,76.66817638,70.37642325,70.76792153,74.43771278,74.89647253,79.99358395,86.05670783,79.5232672,78.26983613,74.19341835,71.14133405,71.66106018,63.3250041,65.39761118
Information and Cultural Industries,Ottawa and Gatineau,20.96920638,23.73985383,25.84266973,21.41374658,21.08293505,17.4711208,15.8057466,17.5752084,17.92331083,20.06388208,21.15024718,22.74733548,19.76817403,21.35900975,18.60806095,18.09949173,16.1711918,15.52371978,17.24159763,21.08644343,20.98014135,17.90613055,15.3364019,17.08446998,16.19454428,20.45397605,16.53143755,17.74342748
Manufacturing,Ottawa and Gatineau,27.4657878,29.72813615,30.75986828,28.4063444,27.9232374,26.3978631,27.85007243,25.39873168,29.72156493,23.94888498,30.59592523,33.02591178,39.59024488,45.22460723,42.6295859,37.68942573,34.8350052,37.65966148,38.27324938,41.7869526,43.37375385,38.88590675,35.87418053,28.54620828,27.37435285,24.78271963,23.39360475,24.35174535
Education and Healthcare,Ottawa and Gatineau,75.6292827,80.40668213,79.8343348,83.589175,81.15357793,86.45809683,83.2879804,86.31015345,90.903097,87.30337005,88.99516748,85.45621643,87.02178833,90.4050793,99.6538486,96.06186753,97.9911107,99.6112153,107.6716803,107.007385,111.3937788,120.1816295,120.8873793,127.8411228,128.4099885,128.2084868,137.8685053,140.9845768
Personal Services,Ottawa and Gatineau,54.10997903,55.792549,55.25839773,55.25658685,59.1972271,58.24070915,60.9312167,64.47455693,59.99779093,63.24282318,60.4064716,65.89377828,70.45677593,71.5152899,71.16397835,76.40428708,74.99527105,75.86448218,73.53833665,81.22153853,80.82622953,80.75141368,75.26716433,83.65874083,84.13520378,87.94654645,84.06600028,93.33022263
Primary and Utilities,Ottawa and Gatineau,4.995631678,3.920803983,5.01569856,2.210979345,5.020734843,4.552290478,3.256205905,5.472828665,6.04465587,7.507664833,5.110646095,5.112410253,7.033192948,4.207689838,5.982738203,5.311749893,3.92969141,6.480185205,5.32576416,6.32631006,6.191194765,5.47825343,5.734305843,5.806926453,6.065822263,5.965241995,3.656772318,5.75391511
Public Administration and Defence,Ottawa and Gatineau,105.4225146,111.4866955,110.1241733,115.566202,116.7783648,116.4397008,112.0618905,108.1433193,103.9993035,99.35784955,99.4543761,98.75266195,105.1360975,111.527207,112.728493,121.7117848,128.0408128,136.139522,130.6273433,127.6376173,132.9818053,148.6112693,157.5734038,158.163274,153.4673343,158.6916438,148.5206665,148.49007
Services Producing Industries,Ottawa and Gatineau,395.3258553,425.945064,427.018016,439.522679,442.1086018,437.5251448,430.2013053,442.137219,429.8566263,441.838318,442.9688995,452.1061098,470.020771,488.6775005,502.4004545,507.410316,536.564554,534.7173448,540.939405,561.4839318,568.7523255,599.5286338,590.5103938,611.587462,617.4884233,636.1745653,630.6450783,641.0292998
All Industries,Ottawa and Gatineau,460.693411,489.3266433,487.5654798,498.8067105,499.4213253,489.6687828,487.4291508,499.6969165,485.4932725,491.3403275,497.3647983,510.46922,537.4688825,563.3401235,579.068631,577.786739,607.3324755,609.1550575,615.8358778,641.4775155,654.8090333,679.051901,668.78023,685.7808803,688.6297573,707.8356255,693.9700823,706.4269105
Transportation and Warehousing,Ottawa and Gatineau,20.8968431,20.79174563,19.35986985,18.20543888,19.75729888,19.70736038,20.80959528,19.82681223,18.78154035,19.26295913,19.13365665,18.7972527,17.351172,19.74862228,23.27866423,17.9125921,21.61226415,20.97354955,17.89140448,19.78751908,22.60473923,19.60499923,18.14987405,20.72984605,21.29227288,22.9312616,18.87023283,20.2136522
Wholesale and Retail Trade,Ottawa and Gatineau,57.10376475,63.5594473,62.99295328,67.95691173,66.0504858,61.55768485,59.0361987,63.96974988,57.87828385,63.86891788,64.47040785,65.35167055,66.46931695,69.23485073,69.67292693,71.77467238,78.78355705,81.3240826,78.3203091,83.2203292,82.73232593,88.7696704,78.33846498,83.55358163,85.43188348,87.00884305,84.68904955,87.97025118
Business Services,Toronto,189.7940215,202.0317585,222.760532,227.386411,225.7034845,220.2574653,222.508638,234.656847,252.0401123,268.5548033,298.3864473,312.8394658,345.616992,367.5671108,368.6181803,378.3945955,385.1888578,385.5335878,377.3609798,379.6990243,399.8557445,425.3780508,409.5480165,443.5922093,450.819906,450.4726958,476.079837,491.0449965
Construction,Toronto,120.5760563,113.3516908,128.2136925,127.3843773,116.6394368,103.7010384,100.1177192,100.984141,100.5307312,94.87068413,112.6070933,110.0405375,119.3447613,128.53729,136.0473963,134.5310358,147.7965138,147.0886618,162.48251,164.5031925,165.2693023,178.8051025,155.8951053,168.8662128,183.67113,182.6240213,190.4503828,185.9991393
"Finance, Insurance and Real Estate",Toronto,201.5713983,202.884595,211.612143,223.652552,220.3044915,204.5501408,201.6185805,187.4338023,204.7976588,199.846244,209.152095,209.1338623,217.4581238,214.2520833,225.9782685,232.7296578,233.7033443,251.933957,268.2400768,281.8235083,281.242384,282.192051,294.6035835,287.2549925,302.5492178,293.3001825,313.7957918,325.8083768
Goods Producing Industries,Toronto,599.1830373,582.1171598,595.30787,575.215854,525.9815833,498.671649,472.762678,461.300012,488.9642838,519.047609,542.8620183,570.6246995,585.449236,601.494559,615.7515485,648.0280515,638.1801548,662.4653638,646.6554853,603.5305575,590.0225128,589.742,511.4103038,520.9540468,542.9551278,541.1596253,552.2882288,537.4303075
Information and Cultural Industries,Toronto,75.4193407,75.16748998,83.9452051,78.25282818,64.24659113,63.12418743,70.11437058,69.1067513,76.91413713,69.23631235,81.66358063,81.41000718,86.53803985,96.39546598,104.5491003,86.48487758,85.8593711,90.40349943,94.964657,103.0887407,95.95644208,98.5849199,102.2278522,99.44665825,108.389409,94.30663893,94.30555913,89.24679058
Manufacturing,Toronto,446.9109365,432.8817105,421.917022,409.4821533,373.977379,353.076474,339.5814068,326.477332,355.8328995,393.749089,406.1771068,433.970861,440.7798613,445.8959973,452.170974,485.596059,466.6254995,487.6763005,457.3511405,415.5886635,397.842752,380.302889,328.6488048,325.611245,332.0248428,334.220262,334.092536,323.7392193
Education and Healthcare,Toronto,246.9684505,270.0445995,293.8438998,275.424703,282.4483245,292.013428,294.9637358,299.9314088,299.8751653,301.4495318,300.8035983,323.595742,324.7705508,327.2466123,329.3837408,341.7509995,359.0243928,369.795137,387.9708525,404.4627133,434.5817628,425.892077,437.4138755,461.1664585,463.343414,490.2334865,505.8927215,523.9092915
Personal Services,Toronto,228.1126838,228.299868,226.9856155,228.3250203,218.529797,227.2649688,235.3318438,226.1353365,251.74202,257.8490298,264.855976,266.805409,255.7238133,268.1806728,270.6601455,297.9495285,313.4483665,298.8387985,298.397807,309.2685235,338.9515635,336.436056,362.5997318,356.407371,355.5845983,394.7914438,394.6124048,398.4037018
Primary and Utilities,Toronto,31.69604438,35.88375858,45.1771552,38.34932353,35.36476758,41.89413648,33.06355208,33.8385391,32.60065275,30.42783573,24.07781803,26.61330078,25.32461385,27.06127163,27.53317825,27.90095648,23.75814185,27.7004011,26.8218346,23.43870165,26.91045883,30.63400878,26.86639405,26.4765888,27.25915543,24.31534238,27.74531,27.69194888
Public Administration and Defence,Toronto,86.3955504,90.44551655,94.14802163,103.3760083,97.99125303,97.77915958,101.5548016,93.46955653,92.64430888,90.10505258,84.07574113,85.91069478,82.587832,83.01164625,78.90096078,77.434068,87.55982995,79.4931141,90.65504278,85.9774157,90.61113683,103.724829,95.74490173,112.1570065,108.1525443,102.939501,111.2781388,103.6057568
Services Producing Industries,Toronto,1459.529048,1517.798945,1563.92783,1567.435408,1505.067365,1504.804723,1530.470513,1540.206073,1607.777528,1614.57286,1685.773648,1728.386193,1777.382878,1861.234453,1919.099388,1937.013035,1997.28196,2025.749103,2084.90004,2156.031698,2233.347155,2276.189818,2304.970245,2358.799475,2379.92868,2418.965848,2539.223083,2549.68664
All Industries,Toronto,2058.712088,2099.916108,2159.235698,2142.651263,2031.048945,2003.476373,2003.233193,2001.506085,2096.74181,2133.620468,2228.635668,2299.010893,2362.832118,2462.72901,2534.850935,2585.041088,2635.462118,2688.21447,2731.555528,2759.562255,2823.369668,2865.931815,2816.38055,2879.753523,2922.883808,2960.125473,3091.511308,3087.116945
Transportation and Warehousing,Toronto,105.6180325,98.24415498,101.549374,104.0422535,97.64408505,91.7989877,89.9492572,108.412499,107.934009,109.774247,114.196382,114.7394418,112.7498483,124.2602928,129.8424068,129.2047945,137.359152,135.0110065,127.5970993,137.9483343,134.9802963,154.4396868,157.2154948,149.005155,157.736147,146.7322965,172.2715325,153.0085058
Wholesale and Retail Trade,Toronto,325.649571,350.6809623,329.083037,326.975633,298.1993358,308.0163848,314.4292865,321.059871,321.8301153,317.7576403,332.639828,333.95157,351.9376798,380.3205693,411.1665843,393.0645148,395.1386473,414.740004,439.7135268,453.7634385,457.1678255,449.5421468,445.6167898,449.7696228,433.3534445,446.1896023,470.9870953,464.6592165
Business Services,Montreal,106.3001973,111.9864435,118.2213438,114.1580758,122.181154,118.2928608,117.8496745,133.211441,136.4932635,143.5555835,158.3665765,186.7416403,181.2083958,189.8919685,195.7453835,210.8288878,202.8256295,208.4378775,223.7868323,236.622752,249.6676733,247.3037945,253.3834255,274.2315108,266.3652558,275.7271595,275.4933968,267.124999
Construction,Montreal,79.15108033,84.93717145,83.8440791,84.1305486,65.80181443,66.59642633,62.69852203,62.86757203,62.6611215,60.57505473,52.90313395,52.9627054,55.451878,58.44674278,57.39789863,69.46004405,73.34219263,70.77338775,81.99099263,79.55301198,87.73868113,98.09222098,88.17503623,102.002888,98.3932113,106.64152,118.3398105,106.970512
"Finance, Insurance and Real Estate",Montreal,114.2387483,109.4339372,105.593963,105.7418073,109.8404335,106.6593923,108.5007823,107.0452873,113.9590863,115.3772393,106.12553,97.0455097,100.9375607,104.190416,103.2315355,112.1285615,115.1384608,121.9900563,117.1320225,127.6756193,132.8574388,131.7921258,132.130473,139.049396,122.6785355,125.86983,130.6218213,134.5771323
Goods Producing Industries,Montreal,400.6711875,421.8020965,443.940257,430.515648,380.5825623,371.072082,356.4070025,359.9632233,367.482426,360.298202,366.3976785,388.1909368,400.3580008,395.121763,393.1084885,413.1127455,390.384424,391.27336,390.8713138,376.786885,363.2105195,359.2898303,355.0930395,360.2161513,349.452181,351.220067,371.59238,356.1212618
Information and Cultural Industries,Montreal,50.04973503,45.58836,45.55299785,44.46088505,43.41089925,40.5418062,43.57604035,44.7930772,48.1814562,53.55034628,51.71683303,62.36824335,65.98874438,61.69695113,66.06579658,61.09616968,57.5240205,59.73532775,62.4103723,63.66886058,68.54676313,62.17142523,62.7179174,62.61696435,60.97660958,69.2313759,64.9686579,64.11342258
Manufacturing,Montreal,302.6779558,309.9275648,334.4918585,314.5447693,284.6978365,280.8130075,270.1180175,272.987313,279.4964328,269.6573918,291.2864478,308.867996,321.9032335,311.532532,314.382898,317.3883228,291.425542,299.9121853,287.0606373,270.2142933,246.290278,236.0888555,243.1317923,235.444888,224.2786843,225.1034475,225.6942208,224.2486203
Education and Healthcare,Montreal,229.4325063,233.1142803,242.011934,248.2713625,254.563749,258.4476155,259.5384103,262.4216515,263.0004055,270.8585248,259.0419473,265.346269,280.7421438,286.6518778,291.6315033,313.3624978,326.3422885,328.0229135,337.2426815,354.3876085,348.5354923,353.3088868,359.0944083,369.829976,381.9136093,392.732277,412.2632615,412.1948805
Personal Services,Montreal,181.1301698,171.2301505,162.7698575,168.6709743,167.3589485,170.7652208,175.8876843,185.3478763,173.364302,173.3698788,191.8731288,197.7402305,194.4223493,204.5432555,204.0645535,200.174751,217.8620638,211.0180438,216.3615965,205.3194123,229.9687028,253.27013,244.4103495,249.092314,261.6808205,258.176784,265.7521485,270.1954895
Primary and Utilities,Montreal,18.84215173,26.93736013,25.60431928,31.84033015,30.0829114,23.66264838,23.59046273,24.10833835,25.32487155,30.06575553,22.20809658,26.36023548,23.00288963,25.14248825,21.32769178,26.26437885,25.61668925,20.5877867,21.81968398,27.0195795,29.1815607,25.10875415,23.78621078,22.76837558,26.7802853,19.4750995,27.55834885,24.90212938
Public Administration and Defence,Montreal,71.48944505,72.97272575,75.1312908,84.8035366,87.4621368,86.021563,95.19311183,74.77336363,76.3861667,80.15992765,81.2862578,79.26900843,77.86817203,81.38143945,85.30244473,86.23559553,78.6252755,77.4806664,78.19819528,79.13029493,78.79879435,79.94584043,82.72995548,78.40109173,76.39435008,76.467274,73.95934623,80.02825378
Services Producing Industries,Montreal,1123.758465,1113.123438,1119.2074,1116.796495,1131.95282,1118.04032,1117.879753,1142.492898,1156.899518,1170.81048,1193.063165,1225.87363,1254.619588,1295.090633,1320.807708,1359.61335,1411.272618,1421.819265,1437.181505,1477.007848,1542.690128,1547.378253,1537.509905,1589.963858,1597.780788,1622.059535,1658.271113,1663.160193
All Industries,Montreal,1524.429655,1534.925538,1563.147658,1547.312148,1512.535385,1489.112403,1474.28675,1502.45612,1524.381943,1531.10868,1559.460845,1614.064568,1654.977588,1690.212395,1713.916195,1772.726098,1801.657043,1813.092625,1828.052818,1853.79473,1905.900648,1906.66808,1892.602945,1950.18001,1947.232968,1973.279603,2029.863493,2019.281458
Transportation and Warehousing,Montreal,102.072455,105.41683,102.8039922,93.25827905,82.33321253,81.91624865,79.10752443,81.65632418,85.9621661,80.53160178,86.16301123,85.5339833,87.14730278,88.32272975,94.3594534,83.0418073,92.55423863,95.73105603,83.44936855,89.92678295,92.51386695,96.39635205,95.36466463,86.21694528,99.24274955,94.17959228,92.08488908,97.1047037
Wholesale and Retail Trade,Montreal,269.0452085,263.380713,267.1220218,257.4315768,264.8022873,255.3956125,238.2265213,253.2438783,259.55267,253.4073768,258.4898803,251.8287463,266.3049198,278.4119935,280.4070368,292.7450825,320.4006403,319.4033253,318.6004348,320.2765175,341.8013953,323.1896958,307.6787115,330.525661,328.5288553,329.6752435,343.1275925,337.821314
Business Services,Quebec City,19.0045557,20.3246207,17.87269995,19.89788018,20.93995633,20.94154615,22.94412863,24.74624068,24.74528113,23.73472905,24.87950465,30.08003398,37.00669395,35.68748553,37.01953433,35.71552485,36.07607223,38.9842099,35.09563565,34.7189038,39.5424048,44.01964115,42.97209088,49.43686403,53.27040915,55.95026403,52.0786601,54.68353218
Construction,Quebec City,13.59426973,15.80673283,17.315435,18.60576775,19.15910713,17.84781433,14.4187042,14.80456578,11.83607318,13.7693455,13.57476948,10.71610759,10.49661468,10.6952357,12.08504883,13.82665198,16.47889688,13.3828926,17.13993285,14.88511193,12.44729787,19.37055575,21.07783058,19.91050558,26.57998453,23.03112538,24.9841735,23.42458688
"Finance, Insurance and Real Estate",Quebec City,16.68510398,20.82527215,24.29610473,23.98706648,26.70104255,23.25589863,25.92159153,23.43860798,22.18327953,25.4133128,26.817737,22.47321743,21.9712249,22.7419792,26.69542035,24.37594558,20.87678075,23.46567373,29.76487693,29.82434278,31.16324985,34.74277738,37.59918213,32.64814333,36.6676728,34.4543944,31.6062523,31.58305498
Goods Producing Industries,Quebec City,44.99196595,48.2846412,44.61773233,52.50022325,48.5270384,45.01762788,40.79493008,44.49584873,47.72947448,44.47746725,44.36645143,46.8395374,46.50861603,46.3950419,50.45912655,55.21770915,54.78298018,52.3045987,63.72721823,63.73024323,57.96552425,61.99101798,58.66803255,53.98235818,61.6795531,54.0490435,57.0528611,59.72516088
Information and Cultural Industries,Quebec City,6.809100835,8.022058663,6.0082815,7.539323783,5.65156254,4.611370038,3.099955825,5.078411585,5.543040945,6.39301977,6.110523653,7.112411773,6.6516081,5.520998223,7.107600865,5.800604135,9.817477488,8.489188128,7.21672963,6.998927905,5.427912445,7.059168663,7.208420948,7.240255203,6.205733235,5.503420815,7.592965913,6.542499385
Manufacturing,Quebec City,25.11629073,27.10254678,23.3722156,28.048194,25.52449225,22.34758,20.78561405,25.1774886,29.24140045,25.59431448,26.5527385,29.43821818,32.27761598,30.63242508,32.42490198,36.85732953,32.97732233,33.38581365,40.6797232,42.69542143,39.28372888,36.68325168,32.22157245,29.78198735,32.18552468,27.58340218,28.46266358,31.2807096
Education and Healthcare,Quebec City,57.1652609,59.27294578,63.03460695,62.38741743,64.5375232,62.57344493,62.4558582,68.98773083,65.76390453,68.31418958,65.11377065,70.76696223,63.29655783,68.71980448,68.90094043,80.31741393,78.59835728,72.61038418,70.8655108,74.58354605,78.28470375,75.5774045,81.36457368,91.58716685,89.9323189,102.1410893,94.81599925,98.13023553
Personal Services,Quebec City,38.8224075,41.68646793,47.16057043,44.98173563,41.64626855,46.598135,43.84340678,42.62955575,41.5568249,40.93154835,40.01212523,42.5339585,45.47870893,41.1528368,47.18178698,51.4364484,45.44859235,52.34621133,49.91444243,49.61388295,51.61849528,50.74320823,50.34350035,52.67038283,57.69074063,56.12488068,55.84662408,60.4069809
Primary and Utilities,Quebec City,6.281405518,5.37536156,3.9300817,5.846261468,3.843438983,4.822233583,5.590611803,4.513794343,6.652000838,5.113807265,4.238943488,6.685211633,3.734385368,5.067381098,5.949175763,4.53372767,5.32676096,5.535892438,5.907562158,6.14970989,6.234497545,5.937210548,5.36862951,4.28986525,2.914043867,3.43451599,3.606024013,5.0198644
Public Administration and Defence,Quebec City,42.6377339,34.8196451,36.44488385,42.80010755,39.77189195,40.45151193,39.3933614,47.47854728,36.15203675,39.28526765,39.65951548,39.32821168,37.0918499,39.57307325,39.26252643,40.84542735,44.7746461,41.79612525,46.16314358,42.57568638,45.88342958,44.78207273,38.51806008,47.67969075,42.37619143,44.58920103,49.01329343,46.2094757
Services Producing Industries,Quebec City,239.941353,242.8869965,259.122432,266.119735,268.435621,263.1769478,262.8002648,270.6689948,259.4243085,268.3305818,262.8290443,277.8948905,274.6912438,281.186288,291.212762,308.3403288,307.9221973,313.6337153,316.3185583,313.3450498,332.0274795,336.525296,340.134876,360.346722,362.7057828,374.4726525,370.8635935,373.460103
All Industries,Quebec City,284.9333193,291.1716378,303.7401643,318.6199583,316.9626593,308.1945758,303.595195,315.1648433,307.1537833,312.808049,307.195496,324.7344275,321.1998603,327.5813298,341.6718883,363.558038,362.7051773,365.9383145,380.0457765,377.0752933,389.9930038,398.5163143,398.8029085,414.3290803,424.385336,428.5216965,427.9164545,433.1852638
Transportation and Warehousing,Quebec City,11.92224758,10.54431725,12.88238188,10.555342,11.97658005,13.1850218,12.95144358,8.90466384,11.84328808,11.80411633,11.82837448,14.0346102,14.60985838,13.81710143,11.59915488,12.09782163,14.05160165,17.1946845,15.63588065,10.5269841,16.5564394,18.30616783,12.15857568,13.36271398,14.62484283,16.62382425,18.4630456,14.31025426
Wholesale and Retail Trade,Quebec City,46.89494278,47.39166898,51.42290275,53.97086203,57.2107958,51.5600193,52.19051888,49.40523665,51.63665285,52.45439818,48.40749315,51.56548443,48.58474188,53.97300895,53.44579755,57.7511428,58.27866938,58.7472385,61.66233855,64.5027759,63.55084463,61.2948556,69.97047215,65.72150493,61.93787393,59.08557843,61.44675293,61.59406985
Business Services,Regina,5.416651035,5.777365455,5.822293535,5.737475043,6.813080845,6.6045018,6.608301358,7.532640453,7.105920693,6.929774218,6.741140453,8.795410898,8.573689398,8.23850579,9.370233418,9.93268498,10.52391835,9.368713328,10.2466171,9.50850646,9.052230435,10.07214623,10.55023895,10.32586543,11.0184935,11.61148148,11.99053795,12.76223678
Construction,Regina,6.148022665,6.51609191,5.52795819,5.856419158,4.63303896,4.167508748,4.157230408,3.90389256,4.4613197,4.366500905,4.315551898,4.474274298,5.5423119,4.73720217,4.767959993,5.790305655,6.08693082,6.005758025,5.83566714,6.72149229,6.777999825,8.005256798,8.131980225,10.03773698,9.680103103,9.873913658,12.14514783,13.75178978
"Finance, Insurance and Real Estate",Regina,7.334232093,6.888176633,7.775180225,7.32851515,7.675234248,8.211779758,8.76889635,8.728578508,9.18099979,8.212576975,8.503065063,9.512544698,8.808157405,9.597360698,10.61998255,10.21874178,10.35608087,10.43698243,10.05187978,8.73157446,9.809731343,9.724394783,9.652301375,10.99812695,10.40127405,10.03245123,10.46016487,11.07354861
Goods Producing Industries,Regina,15.84582953,17.28875908,17.92170628,18.53398363,18.04785925,17.45490935,15.0217752,13.08820498,15.13179825,14.36217583,15.44600423,15.32321405,15.77181995,14.68917713,12.89565838,15.1388708,14.3027455,14.4934005,15.15392603,17.35355095,17.75604148,18.34928618,19.6488061,20.80559568,21.00807488,21.77222823,24.7426032,26.85738075
Information and Cultural Industries,Regina,4.901231445,5.01750133,4.648975013,3.94247027,4.387556533,4.81060412,4.530741518,5.306330748,4.790476285,5.779365888,5.0086251,5.189235788,4.370017548,6.014100758,5.149673953,4.539993458,3.89346617,4.734975113,5.103948468,5.228038865,4.78224567,4.474888238,4.709457303,4.08770437,5.535264408,5.459224275,5.730360968,5.9073815
Manufacturing,Regina,5.63080604,6.12273687,6.46663657,6.256354008,6.458737078,6.752544745,5.880525075,5.803094703,6.0741487,6.401409848,6.505134718,7.049077585,5.671837445,5.869684298,5.002049783,6.246343488,5.442688785,5.5190371,6.445321205,6.716433658,6.54530583,6.810791223,7.452738455,6.687903675,6.782657278,7.175837463,6.992318033,6.892566663
Education and Healthcare,Regina,16.9716584,16.8897628,16.23866105,18.3956435,17.42152808,16.73942775,17.67413573,17.98293185,17.05445738,16.72051175,18.65826833,19.95034325,18.91063633,20.09914543,19.08774463,19.83587563,20.00948368,21.31028623,20.23494653,21.54694465,21.45553275,21.395408,20.34299658,23.12937883,24.50745073,25.96161235,27.95806405,27.56823088
Personal Services,Regina,13.78400875,12.60135283,12.0916661,12.2723757,11.7847223,11.82280603,13.46277033,14.79425115,13.76713035,14.1506469,13.50456638,13.5708393,14.75652085,13.9643969,13.4826566,15.03868873,14.75010653,14.71344915,15.26029393,14.32766465,14.13924625,15.88554765,16.59798553,15.8891677,16.5789794,18.09402473,18.5466143,17.1366448
Primary and Utilities,Regina,4.067000823,4.64993033,5.927111533,6.421210443,6.956083213,6.534855843,4.984019733,3.38121773,4.596329845,3.594265075,4.625317588,3.799862183,4.55767062,4.08229067,3.125648598,3.10222164,2.773125883,2.96860537,2.87293766,3.915624985,4.432735828,3.533238148,4.064087415,4.079955043,4.54531448,4.722477093,5.605137353,6.21302431
Public Administration and Defence,Regina,10.52704844,9.764829323,9.998753918,10.61094381,10.14338159,10.45989993,10.75752437,10.19461019,10.28246632,11.85834705,9.476405775,10.9741921,9.497388573,10.02161402,10.9630825,10.55363223,9.98553526,9.79881171,9.873594213,10.91135595,10.83831533,10.41911957,11.2511158,10.41616988,11.51523898,12.6610383,11.6427087,11.21927893
Services Producing Industries,Regina,81.28041973,79.0333401,79.2548023,80.60264078,80.83746823,79.49543205,82.90862408,85.59608498,82.4216557,84.16995695,83.23598733,89.10336313,88.2551339,88.88820045,91.30434163,92.0361292,92.5972545,95.0065995,93.571074,92.3714491,92.4439585,95.85071383,96.4511939,98.69440433,103.066925,106.427772,111.4073968,109.8176193
All Industries,Regina,97.1262492,96.32209918,97.17650865,99.13662435,98.88532748,96.9503414,97.93039928,98.68429003,97.55345398,98.53213275,98.68199153,104.4265773,104.026954,103.5773775,104.2,107.175,106.9,109.5,108.725,109.7250003,110.2,114.2,116.1,119.5,124.075,128.2,136.15,136.6750003
Transportation and Warehousing,Regina,4.525395088,4.485973318,4.32458345,4.211051965,4.221560148,3.881447453,4.111182458,4.851156448,4.17689383,4.74141693,4.75658321,4.599443965,4.696051283,4.800023815,4.467786893,4.26247578,5.303242123,5.256954805,4.804054775,4.778811273,4.50839969,4.25763983,3.902558075,3.72166747,5.27375376,3.757402228,3.38588378,3.23239361
Wholesale and Retail Trade,Regina,17.82019445,17.6083784,18.35468903,18.10416528,18.3904045,16.96496528,16.99507195,16.20558568,16.06331105,15.77731725,16.587333,16.51135315,18.64267253,16.15305305,18.16318108,17.65403663,17.77542153,19.38642673,17.99573923,17.33855275,17.85825703,19.62156953,19.4445403,20.1263237,18.23647023,18.85053723,21.69306218,20.9179041
Business Services,Saskatoon,6.73196014,5.081074553,5.90588503,6.471415748,6.28515169,6.446136248,7.00480607,7.360645903,7.98483498,8.74290155,9.107632123,8.614980815,8.679202413,8.385842168,8.579203598,10.05083548,10.47651523,11.03107113,10.82493288,11.962196,13.05689768,12.23854815,12.74825733,12.05527285,13.10255258,13.76512023,14.90935135,14.21486948
Construction,Saskatoon,5.801263555,6.16152437,6.106102503,6.207725225,4.78857017,4.09346773,4.01166592,4.821010903,5.633841058,5.15016989,5.8312122,6.579374258,6.305076948,5.82988379,6.072338895,6.955253055,6.16392352,6.74021849,6.824698305,8.41132136,9.09759903,9.993083263,11.69344095,13.78344268,12.25253723,16.80109743,19.10470638,19.86897308
"Finance, Insurance and Real Estate",Saskatoon,6.212573793,5.427039115,5.038661493,5.354224895,6.093474758,5.855820933,4.819652683,5.79186851,6.982649573,6.67083638,5.21732543,5.891252803,6.168817058,7.187255535,5.314590033,5.662692223,6.981940655,6.24149879,6.49274934,6.268053228,6.984670138,6.65110719,7.03628769,7.998803808,6.917021158,6.509187345,7.844674933,9.216246763
Goods Producing Industries,Saskatoon,21.58012265,21.78734385,21.6815663,20.488837,18.49691333,17.54510265,18.66795313,21.23787,20.1606659,21.08628993,22.70900138,22.72967518,21.8060001,21.13570038,21.2914536,22.8205254,19.59902403,22.07146005,23.91725363,25.46736143,26.61546783,30.116148,29.83680373,30.98706843,28.64093123,35.20271315,41.2140251,41.7145715
Information and Cultural Industries,Saskatoon,2.131991705,2.805817105,2.632509785,3.209109143,2.804831535,2.669545125,2.52393946,2.841049968,2.26644097,2.638002203,2.570640133,3.32689987,2.84936867,2.30338932,2.51254814,2.10380263,3.0003706,2.35074068,3.26626931,3.098860198,2.919128213,2.96393012,3.475461485,2.645827875,2.497424723,2.410723935,2.94138125,2.159211125
Manufacturing,Saskatoon,7.69292248,8.431180788,7.639585528,8.151258078,7.428543063,8.32284807,8.077555318,9.490093718,9.155051298,9.404327553,10.48319773,10.50452538,9.75707814,9.810829573,10.08826062,10.19457736,9.207538045,10.26556865,11.8052822,11.18661558,11.2952739,12.0803987,11.0987963,9.883206438,9.157156623,9.842954565,11.4298224,10.48991201
Education and Healthcare,Saskatoon,21.077902,21.57378393,22.61204323,20.78105903,22.65740155,23.52227238,22.9814555,20.45037978,22.42754773,22.90064863,22.18818093,23.31572125,23.548147,25.26113838,25.43105423,25.8429466,29.2647292,29.27024155,31.0456115,28.97577693,33.28172243,31.90302,34.40757973,33.07251573,33.74357893,34.47782963,36.16451873,37.34144668
Personal Services,Saskatoon,14.48311605,15.05854725,15.50041733,15.28246775,15.87328588,14.88100078,16.10487653,15.64891163,16.2761131,17.23894873,17.98812593,17.49955243,17.89238768,17.46462178,17.35510855,17.8904126,19.18973888,19.92313963,17.0722053,17.87782523,18.00907855,19.9725383,19.94666273,19.68444535,21.70534703,21.38014468,21.1930414,21.9207939
Primary and Utilities,Saskatoon,8.085936605,7.194638685,7.935878293,6.129853675,6.279800063,5.128786835,6.578731878,6.926765355,5.371773558,6.531792463,6.394591475,5.645775565,5.74384501,5.49498703,5.130854098,5.670694955,4.227562478,5.065672923,5.28727313,5.869424483,6.222594928,8.042666003,7.04456647,7.320419293,7.23123738,8.558661198,10.67949635,11.3556864
Public Administration and Defence,Saskatoon,6.25000314,6.672946673,6.971035413,5.940214428,6.203411313,4.954474238,5.658707548,5.42027243,6.172918015,5.602666363,7.00984557,5.459777513,5.807882025,5.910140083,6.125362263,6.527464458,6.53090922,5.316057255,7.81185175,6.945733955,6.645347233,6.921790918,8.424792045,7.18589227,6.145538275,6.171644928,7.40499669,7.46787207
Services Producing Industries,Saskatoon,79.06378208,80.40336815,81.32058558,80.58614518,82.85700133,82.36343465,81.44344415,82.7025093,86.23939055,86.73408213,88.81987373,89.6952141,91.29089983,94.74879915,92.8085464,95.50447463,101.9009758,100.7535399,104.3577463,105.2326383,112.559532,111.958852,117.2381963,113.9379318,115.8090688,117.4722868,122.960975,127.3854283
All Industries,Saskatoon,100.6439046,102.1907121,103.002152,101.0749822,101.3539148,99.90853725,100.1113972,103.9403795,106.4000565,107.8203723,111.528875,112.4248893,113.0968998,115.8844993,114.1,118.325,121.5,122.825,128.275,130.7,139.175,142.075,147.0749998,144.925,144.45,152.6749998,164.175,169.1
Transportation and Warehousing,Saskatoon,5.439341875,5.408874985,5.649766308,5.534759218,5.525790243,5.526703445,6.036380525,5.82780829,6.704627093,5.46578565,7.008740203,7.271071975,7.393024983,7.305433565,7.238500723,6.16244437,6.002915288,6.604444413,6.71240513,7.521888623,7.435420038,7.292547955,6.573407253,6.868219468,6.533405408,7.626595985,9.207819653,9.446263555
Wholesale and Retail Trade,Saskatoon,16.73689333,18.37528455,17.01026698,18.01289495,17.41365438,18.50748148,16.31362588,19.3615728,17.42425915,17.47429263,17.72938338,18.31595745,18.95206995,20.93097838,20.25217885,21.2638763,20.45385685,20.01634648,21.13172118,22.58230445,24.22726793,24.01536938,24.62574803,24.42695425,25.1642007,25.1310402,23.2951909,25.61872495
Business Services,Canada,763.1907958,825.8693335,875.630241,893.9391848,923.6489273,913.7203898,959.9717953,1009.153832,1077.991793,1131.244335,1220.752948,1327.040198,1407.452855,1468.63624,1521.541655,1569.46561,1610.538025,1641.406368,1691.70034,1757.675765,1823.546378,1886.048495,1843.460818,1916.904795,1968.74998,1983.100325,2055.826993,2075.53067
Construction,Canada,725.649868,766.7123678,805.962128,816.2587955,739.2769605,713.2221598,692.586241,723.4263748,727.6648123,712.5235855,726.126665,736.544617,765.046502,808.152377,823.1614425,862.3754573,909.611113,953.7902855,1022.065827,1067.551355,1128.758875,1240.060605,1195.985565,1247.471828,1300.929505,1328.624288,1372.904195,1376.386068
Goods Producing Industries,Canada,3631.550803,3745.604568,3819.313333,3748.049098,3517.668613,3389.661725,3326.325863,3395.797308,3468.274695,3469.737003,3571.461883,3667.07908,3735.252235,3811.119088,3768.444693,3875.704105,3926.882715,3992.176878,4000.916513,3974.306578,3976.372753,3996.998548,3740.86031,3743.354273,3821.011378,3889.940148,3918.69397,3911.22671
All Industries,Canada,12331.975,12711.30833,12995.17503,13083.55833,12855.30835,12729.76668,12797.45,13061.125,13296.96668,13418.75833,13704.67498,14047.49168,14407.525,14765.65833,14938.83333,15296.29165,15658.80835,15926.65003,16128.35003,16411.64165,16802.63333,17082.06668,16815.75003,17046.3667,17308.14168,17509,17729.64168,17866.36168
"Finance, Insurance and Real Estate",Canada,766.370794,796.3625908,824.8664823,856.322075,854.4058688,841.014733,840.636487,833.56059,846.5333328,861.4167275,865.8366323,847.395355,859.4336523,858.8974483,876.6426893,896.7433478,913.6794983,952.3584798,984.0755518,1029.993815,1048.394165,1065.174165,1072.48043,1078.930908,1081.28248,1065.941988,1081.155188,1087.730038
Information and Cultural Industries,Canada,332.7284148,329.0100563,349.65591,334.3065755,318.0566998,300.3890798,304.6464968,322.0189455,344.7985565,343.9677673,353.1887073,376.930427,372.3173885,383.2833805,406.4881148,379.0387923,374.4197235,377.0227658,386.0391318,397.5862885,406.6060253,391.3489148,375.9399168,379.1731313,384.1767553,382.3387098,365.3407943,357.7102763
Manufacturing,Canada,2040.600098,2100.078568,2129.2542,2049.474583,1889.793718,1814.16707,1779.682785,1823.301708,1903.831828,1923.946715,2020.408625,2103.327978,2188.634755,2243.072913,2223.365738,2289.528875,2277.323845,2298.57243,2204.038068,2103.64797,2030.204945,1935.431715,1754.76731,1719.540105,1731.00886,1753.640613,1727.165703,1717.160943
Education and Healthcare,Canada,1930.247595,2007.83755,2062.114903,2128.677558,2170.327713,2214.501538,2256.093708,2293.65991,2318.362503,2306.759808,2299.202908,2357.451565,2410.831753,2489.4471,2520.993578,2616.69252,2703.298925,2759.15099,2826.85087,2934.081188,3017.974235,3066.43244,3128.68969,3223.440155,3270.787288,3364.287285,3423.66821,3469.205623
Personal Services,Canada,1527.740728,1514.575513,1540.14334,1561.488788,1533.69397,1559.046633,1602.67328,1666.359915,1685.28285,1732.252035,1787.69633,1844.931613,1882.823358,1907.53399,1916.902503,2005.754428,2055.200728,2064.431608,2036.180058,2056.421795,2170.201325,2218.972558,2243.559238,2265.443388,2311.886098,2362.886433,2362.585038,2412.040655
Primary and Utilities,Canada,865.3008368,878.8136355,884.0970028,882.3157165,888.5979328,862.2724965,854.0568345,849.069226,836.7780548,833.2667053,824.9265928,827.2064858,781.570978,759.8937995,721.9175135,723.799776,739.9477555,739.8141638,774.8126163,803.107249,817.4089353,821.5062263,790.1074355,776.3423435,789.0730115,807.6752503,818.624071,817.6797025
Public Administration and Defence,Canada,765.987988,782.4236975,803.3420375,841.3246733,852.5461323,865.6402525,862.670487,835.6648843,819.328454,807.2535068,795.7921723,782.0639173,777.85335,775.3510978,786.0216843,795.0683275,822.412737,830.9730043,835.7577143,835.6326678,867.2106918,914.3234228,923.4596763,925.2070883,925.2054228,928.1018073,920.9781703,913.8930328
Services Producing Industries,Canada,8700.424198,8965.703765,9175.861668,9335.509235,9337.63972,9340.104938,9471.124135,9665.327693,9828.691973,9949.02133,10133.2131,10380.4126,10672.27278,10954.53923,11170.38865,11420.58755,11731.9256,11934.47313,12127.43348,12437.33508,12826.2606,13085.06813,13074.88968,13303.0124,13487.1303,13619.05985,13810.9477,13955.13495
Transportation and Warehousing,Canada,634.0204785,656.5830058,663.124789,645.1999925,624.1620253,609.5530195,618.7080368,645.197413,660.9728568,673.1803778,693.5504085,713.3812955,738.4329348,773.2013915,778.1167538,758.1951148,787.8473088,805.9229925,796.2877073,799.0689493,822.1054745,853.090909,828.8498578,817.9147755,853.898037,860.89777,884.8975633,900.0429455
Wholesale and Retail Trade,Canada,1980.137408,2053.04202,2056.983968,2074.250395,2060.798385,2036.239293,2025.723848,2059.712208,2075.421625,2092.946773,2117.193015,2131.21822,2223.127473,2298.188593,2363.681665,2399.629418,2464.528668,2503.206913,2570.542113,2626.874625,2670.22229,2689.67722,2658.45006,2695.998155,2691.144235,2671.505533,2716.495735,2738.981713
Business Services,Rest of Alberta,14.62948317,14.88202932,17.8311635,17.8437288,18.65823752,19.81467895,21.9412512,24.56054692,26.67160595,25.41017292,25.99195109,30.8023835,32.42391252,35.26071147,35.71884377,37.78902349,39.6105984,38.55220177,44.75949552,47.6439695,48.54743367,47.2326396,45.12197805,52.1023312,53.85508055,53.0252177,53.29741745,52.8019045
Construction,Rest of Alberta,25.00337627,27.12828593,27.38570727,29.2717475,27.5580398,29.20985492,29.66530807,33.02416167,35.63298787,36.15878782,34.47578472,38.25941372,45.0200422,46.14040234,47.42726022,47.85837015,48.53018315,57.16619714,60.2918592,61.0788084,68.37906172,73.53267204,72.24038352,66.21680665,70.81545677,77.68748864,79.6759409,83.16708737
Goods Producing Industries,Rest of Alberta,16.39204433,15.04177934,15.18204959,16.79652735,17.03443664,18.52893322,17.49035642,19.73015109,19.72700105,21.36500837,18.00656165,19.70834959,20.1293621,18.51247338,19.94754017,19.39761217,22.64019505,23.48168163,25.32398612,25.33183929,27.64164357,28.3317123,30.0351395,29.07346422,29.62341867,26.10152067,26.24188669,26.16857665
All Industries,Rest of Alberta,163.8404467,176.1206991,174.506346,185.3881178,184.106536,186.7518694,187.8429822,191.1281386,187.1740248,194.6918925,194.5607144,198.1288107,199.4659227,193.3258309,199.4119248,200.1908817,211.2876675,227.3096405,231.2986288,232.4522102,244.544264,257.5775675,238.8752183,231.580417,243.8152694,248.905786,262.8639572,268.5701998
"Finance, Insurance and Real Estate",Rest of Alberta,7.78651949,7.111114625,7.92993374,6.162718885,6.236359682,7.6594298,7.494383282,7.89163316,7.15245193,7.32896797,6.97535027,7.98371422,5.85511359,7.49056077,7.24486205,7.4975768,7.42212584,7.07814757,7.02169527,6.61797892,6.36265683,7.05444709,5.39159254,7.421686842,6.32799902,6.40347797,6.602796715,6.39164345
Information and Cultural Industries,Rest of Alberta,25.77344859,26.36712292,27.34651942,27.9718812,24.39529922,27.00262698,26.45359277,29.03962117,29.2735904,31.42922027,33.83312012,34.57381632,36.41376947,35.52291002,39.51285657,41.23340557,43.59061064,41.79981995,43.1319234,43.47191212,43.68134815,41.94087102,36.79776289,39.43429705,36.29316284,36.31549842,37.70513267,38.34497695
Manufacturing,Rest of Alberta,66.47505759,67.72187997,69.15756827,72.76037804,70.07363352,66.53862087,71.09512879,71.62057792,71.83925349,78.33706472,82.32754795,83.83980215,86.22558622,86.39035694,84.7747113,88.2030453,91.72126375,93.10303545,100.3448518,104.3390707,105.8018287,103.3660201,107.6370942,110.2128043,107.3845237,115.060359,107.4455943,113.3994313
Education and Healthcare,Rest of Alberta,48.35123154,48.77672177,50.98808502,51.26501717,55.38354902,54.55112695,57.61417187,64.67618334,64.77184514,64.52981344,69.1860212,73.07803327,76.9054319,75.19574687,72.50808077,83.526047,83.19859142,78.84153902,81.65454865,87.92609322,89.47630922,88.7576282,94.740003,94.1359289,100.8685418,93.13692067,95.7656098,103.1605828
Personal Services,Rest of Alberta,113.0636222,122.62529,119.7741196,128.144489,132.1531971,130.5393878,131.7240811,129.0643555,122.267447,127.1038845,126.2518089,125.2955802,118.0321107,111.6625189,112.4718082,111.099106,119.1668737,128.3436232,127.8748457,127.9014893,132.483854,142.1040243,129.8370718,125.9293141,136.7066502,134.9027988,145.4828833,147.0581357
Primary and Utilities,Rest of Alberta,26.49606902,27.5427458,27.53730508,26.68230399,29.32983873,29.7585639,30.13720865,27.65259242,26.82458047,24.4272764,21.55786525,23.17884865,19.33370902,19.92691612,19.08989205,19.32082865,21.31938564,20.66006625,21.89404947,24.2878738,24.2975678,23.65987477,20.83710115,25.95106948,23.68001657,26.3298256,28.03183993,26.50236009
Public Administration and Defence,Rest of Alberta,260.2964199,259.870808,271.7263427,273.5906702,281.0858095,277.490653,289.856649,306.9890433,316.1377768,320.9736727,322.5217082,340.8603712,348.7582655,359.8233495,357.3847564,371.8867885,382.2333129,379.6723129,408.3966972,430.1626719,439.3486202,436.2385347,438.1574887,452.551115,456.8431452,460.9212207,455.0529114,460.8742875
Services Producing Industries,Rest of Alberta,424.1368677,435.991507,446.2326902,458.9787895,465.1923457,464.2425232,477.6996304,498.1171815,503.3118,515.6655672,517.082422,538.9891837,548.2241892,553.1491795,556.7966809,572.0776675,593.5209799,606.9819547,639.6953279,662.6148824,683.8928872,693.8161024,677.0327099,684.131532,700.6584124,709.8270057,717.9168692,729.4444885
Transportation and Warehousing,Rest of Alberta,20.82181205,19.55980992,20.01592198,19.8372134,18.67302475,18.09196665,20.69890722,22.53113162,24.26530987,24.73483942,28.89845175,25.69127837,27.93977298,29.28431355,30.36187672,30.45343035,31.08988474,32.45266315,34.7126681,36.22211752,33.59845332,35.12544294,33.5269827,31.4115817,37.22791824,38.43953722,34.22245252,35.45094779
Wholesale and Retail Trade,Rest of Alberta,59.34420275,59.23472757,63.08431594,62.24278257,65.6967299,62.54733204,63.38524167,68.32622627,74.88572825,74.84053232,69.57795907,76.57796234,79.94537924,87.76226989,87.73895035,85.69922375,85.23126895,85.50297792,92.68540154,97.79372792,103.6227302,102.7107693,100.8675995,102.2422489,97.8756445,102.4243625,103.4453134,96.998842
